Index,STD_BusClassID,STD_BusInstanceID,STD_BusMemberID,"ClassName",Module,"MemberName","Description","RangeEnumeration","DefaultValue","DataType","Access","ModbusTable","ModbusAddress",RegisterCount,"WordOrder","RegisterRole","Persistence","ConfigGroup","ApplyPolicy","NvmFieldId","WriteRatePolicy"
1,57,1,1,"Temperature Input",1,"Unfiltered Process Value","Engineering value after sensor conversion and linearization but before filtering.","-99999.0 to 99999.0",,"IEEE Float32","R","Holding Register","0x1000",2,"High Word First","Monitor","None","TemperatureInput.CH1","N/A",,"Never"
2,57,1,2,"Temperature Input",1,"Input Error","Monitor the current sensor input error.","None (61); Open (65); Shorted (127); Measurement Error (140); Bad Calibration Data (139); Ambient Error (9); RTD Error (141); Fail (32)","None (61)","Enumeration16","R","Holding Register","0x1002",1,"N/A","Monitor","None","TemperatureInput.CH1","N/A",,"Never"
3,57,1,3,"Temperature Input",1,"Filter Time Constant","First-order input filter time constant in seconds. Zero disables filtering.","0.0 to 60.0 s",0.5,"IEEE Float32","R/W","Holding Register","0x1003",2,"High Word First","Configuration","NVM","TemperatureInput.CH1","ApplyKey","temperature_input.1.filter_time_constant_seconds","OnApply"
4,57,1,4,"Temperature Input",1,"Filtered Process Value","Engineering value after the configured input filter.","-99999.0 to 99999.0",,"IEEE Float32","R","Holding Register","0x1005",2,"High Word First","Monitor","None","TemperatureInput.CH1","N/A",,"Never"
5,57,1,5,"Temperature Input",1,"Sensor Type","Select the complete sensor type; thermocouple types are included directly.","B (11); C (15); D (23); E (26); J (46); K (48); N (58); Off (62); R (80); S (84); T (93); L (100); U (101); TXK (102); Pt100 (113); Pt1000 (114); JPt100 (115); Ni120 (116); Cu50 (117); 0-5V (120); 0-10V (121); 0-50mV (122); 0-20mA (123); 4-20mA (124)","K (48)","Enumeration16","R/W","Holding Register","0x1007",1,"N/A","Configuration","NVM","TemperatureInput.CH1","ApplyKey","temperature_input.1.sensor_type","OnApply"
6,57,1,6,"Temperature Input",1,"Reserved","Former TC Type register; reads zero and rejects writes.","0",0,"Unsigned16","R","Holding Register","0x1008",1,"N/A","Reserved","None","TemperatureInput.CH1","N/A",,"Never"
7,57,1,7,"Temperature Input",1,"Apply Key","Write 0xA5A5 to atomically promote all valid Pending values to Active. Read returns zero.","0xA5A5",,"Unsigned16","W","Holding Register","0x1009",1,"N/A","Command","None","TemperatureInput.CH1","Command",,"Never"
8,250,1,1,"Factory Calibration",1,"Unlock Key 1","First factory calibration unlock key.","0x1234",,"Unsigned16","W","Holding Register","0x4700",1,"N/A","Command","None","FactoryCalibration.Session","Command",,"Never"
9,250,1,2,"Factory Calibration",1,"Unlock Key 2","Second factory calibration unlock key.","0x1234",,"Unsigned16","W","Holding Register","0x4701",1,"N/A","Command","None","FactoryCalibration.Session","Command",,"Never"
10,250,1,3,"Factory Calibration",1,"Command","Select/Capture Zero/Capture Span/Apply/Abort.","1..5",,"Enumeration16","W","Holding Register","0x4702",1,"N/A","Command","None","FactoryCalibration.Session","Command",,"Never"
11,250,1,4,"Factory Calibration",1,"Logical Input","Select logical analog input.","0..15",0,"Unsigned16","R/W","Holding Register","0x4703",1,"N/A","Configuration","None","FactoryCalibration.Session","Immediate",,"Never"
12,250,1,5,"Factory Calibration",1,"Profile","TC Gain1/TC Gain2/RTD/50mV/5V/10V/mA.","0..6",0,"Enumeration16","R/W","Holding Register","0x4704",1,"N/A","Configuration","None","FactoryCalibration.Session","Immediate",,"Never"
13,250,1,6,"Factory Calibration",1,"State","Current factory calibration state.","0..5",0,"Enumeration16","R","Holding Register","0x4705",1,"N/A","Monitor","None","FactoryCalibration.Session","N/A",,"Never"
14,250,1,7,"Factory Calibration",1,"Error","Last factory calibration error.","0..5",0,"Enumeration16","R","Holding Register","0x4706",1,"N/A","Monitor","None","FactoryCalibration.Session","N/A",,"Never"
15,250,1,8,"Factory Calibration",1,"Live Microvolts","Latest uncalibrated input voltage.","Signed32 uV",0,"Signed32","R","Holding Register","0x4707",2,"High Word First","Monitor","None","FactoryCalibration.Session","N/A",,"Never"
16,250,1,9,"Factory Calibration",1,"Captured Zero","Measured voltage captured for the 0 uV point.","Signed32 uV",0,"Signed32","R","Holding Register","0x4709",2,"High Word First","Monitor","None","FactoryCalibration.Session","N/A",,"Never"
17,250,1,10,"Factory Calibration",1,"Captured Span","Measured voltage captured for the 30000 uV point.","Signed32 uV",30000,"Signed32","R","Holding Register","0x470B",2,"High Word First","Monitor","None","FactoryCalibration.Session","N/A",,"Never"
18,250,1,11,"Factory Calibration",1,"Revision","Increments after successful Apply.","0..65535",0,"Unsigned16","R","Holding Register","0x470D",1,"N/A","Monitor","None","FactoryCalibration.Session","N/A",,"Never"
19,60,1,1,"Serial Communication",0,"Baud Rate","Shared FC0/FC1 Pending baud code. Writing either port mirrors both.","0=4800; 1=9600; 2=19200; 3=38400; 4=57600; 5=115200; 6=230400",5,"Enumeration16","R/W","Holding Register","0x1200",1,"N/A","Configuration","NVM","SerialCommunication","ApplyKey","serial.shared.baud_rate_code","OnApply"
20,60,1,2,"Serial Communication",0,"Data Bits","Shared FC0/FC1 Pending data bits.","7 or 8",8,"Unsigned16","R/W","Holding Register","0x1201",1,"N/A","Configuration","NVM","SerialCommunication","ApplyKey","serial.shared.data_bits","OnApply"
21,60,1,3,"Serial Communication",0,"Parity","Shared FC0/FC1 Pending parity.","0=None; 1=Even; 2=Odd",0,"Enumeration16","R/W","Holding Register","0x1202",1,"N/A","Configuration","NVM","SerialCommunication","ApplyKey","serial.shared.parity","OnApply"
22,60,1,4,"Serial Communication",0,"Stop Bits","Shared FC0/FC1 Pending stop bits.","1 or 2",1,"Unsigned16","R/W","Holding Register","0x1203",1,"N/A","Configuration","NVM","SerialCommunication","ApplyKey","serial.shared.stop_bits","OnApply"
23,60,1,5,"Serial Communication",0,"Protocol","Shared FC0/FC1 protocol.","1=Modbus RTU; 2=Modbus ASCII",1,"Enumeration16","R/W","Holding Register","0x1204",1,"N/A","Configuration","NVM","SerialCommunication","ApplyKey","serial.shared.protocol","OnApply"
24,60,1,6,"Serial Communication",0,"Role","FC0 fixed role.","1=Modbus Slave",1,"Enumeration16","R","Holding Register","0x1205",1,"N/A","Monitor","None","SerialCommunication","N/A",,"Never"
25,60,1,7,"Serial Communication",0,"Unit ID","FC0 Slave address.","1..247",2,"Unsigned16","R/W","Holding Register","0x1206",1,"N/A","Configuration","NVM","SerialCommunication","ApplyKey","serial.fc0.unit_id","OnApply"
26,60,1,8,"Serial Communication",0,"Response Timeout","FC0 response/apply guard timeout.","1..60000 ms",1000,"Unsigned16","R/W","Holding Register","0x1207",1,"N/A","Configuration","NVM","SerialCommunication","ApplyKey","serial.fc0.response_timeout_ms","OnApply"
27,60,1,9,"Serial Communication",0,"Apply Key","Write 0xA5A5 after all Pending communication fields; both ports apply after the FC0 response completes.","0xA5A5",,"Unsigned16","W","Holding Register","0x1208",1,"N/A","Command","None","SerialCommunication","Command",,"Never"
28,60,1,10,"Serial Communication",0,"Status","FC0 Active/Pending/Waiting/Applying/Error.","0..4",0,"Enumeration16","R","Holding Register","0x1209",1,"N/A","Monitor","None","SerialCommunication","N/A",,"Never"
29,60,1,11,"Serial Communication",0,"Revision","FC0 active configuration revision.","0..65535",0,"Unsigned16","R","Holding Register","0x120A",1,"N/A","Monitor","None","SerialCommunication","N/A",,"Never"
30,60,2,1,"Serial Communication",1,"Baud Rate","FC1 mirror of the shared Pending baud code.","0=4800; 1=9600; 2=19200; 3=38400; 4=57600; 5=115200; 6=230400",5,"Enumeration16","R/W","Holding Register","0x1210",1,"N/A","Configuration","NVM","SerialCommunication","ApplyKey","serial.shared.baud_rate_code","OnApply"
31,60,2,2,"Serial Communication",1,"Data Bits","FC1 mirror of shared data bits.","7 or 8",8,"Unsigned16","R/W","Holding Register","0x1211",1,"N/A","Configuration","NVM","SerialCommunication","ApplyKey","serial.shared.data_bits","OnApply"
32,60,2,3,"Serial Communication",1,"Parity","FC1 mirror of shared parity.","0=None; 1=Even; 2=Odd",0,"Enumeration16","R/W","Holding Register","0x1212",1,"N/A","Configuration","NVM","SerialCommunication","ApplyKey","serial.shared.parity","OnApply"
33,60,2,4,"Serial Communication",1,"Stop Bits","FC1 mirror of shared stop bits.","1 or 2",1,"Unsigned16","R/W","Holding Register","0x1213",1,"N/A","Configuration","NVM","SerialCommunication","ApplyKey","serial.shared.stop_bits","OnApply"
34,60,2,5,"Serial Communication",1,"Protocol","FC1 mirror of shared protocol.","1=Modbus RTU; 2=Modbus ASCII",1,"Enumeration16","R/W","Holding Register","0x1214",1,"N/A","Configuration","NVM","SerialCommunication","ApplyKey","serial.shared.protocol","OnApply"
35,60,2,6,"Serial Communication",1,"Role","FC1 fixed role.","2=Modbus Master",2,"Enumeration16","R","Holding Register","0x1215",1,"N/A","Monitor","None","SerialCommunication","N/A",,"Never"
36,60,2,7,"Serial Communication",1,"Local Unit ID","Reserved local identifier for FC1 Master.","1..247",1,"Unsigned16","R","Holding Register","0x1216",1,"N/A","Monitor","None","SerialCommunication","N/A",,"Never"
37,60,2,8,"Serial Communication",1,"Response Timeout","FC1 Master response timeout.","1..60000 ms",1000,"Unsigned16","R/W","Holding Register","0x1217",1,"N/A","Configuration","NVM","SerialCommunication","ApplyKey","serial.fc1.response_timeout_ms","OnApply"
38,60,2,9,"Serial Communication",1,"Apply Key","Alias; applying either port commits both shared line configurations.","0xA5A5",,"Unsigned16","W","Holding Register","0x1218",1,"N/A","Command","None","SerialCommunication","Command",,"Never"
39,60,2,10,"Serial Communication",1,"Status","FC1 Active/Pending/Waiting/Applying/Error.","0..4",0,"Enumeration16","R","Holding Register","0x1219",1,"N/A","Monitor","None","SerialCommunication","N/A",,"Never"
40,60,2,11,"Serial Communication",1,"Revision","FC1 active configuration revision.","0..65535",0,"Unsigned16","R","Holding Register","0x121A",1,"N/A","Monitor","None","SerialCommunication","N/A",,"Never"
41,251,1,1,"Product Diagnostics",1,"Active Fault Count","Number of faults currently active in FaultService.","0..65535",0,"Unsigned16","R","Holding Register","0x4800",1,"N/A","Monitor","None","FaultDiagnostics","N/A",,"Never"
42,251,1,2,"Product Diagnostics",1,"Fault Query Index","Select the zero-based active fault entry returned by the detail registers.","0 to Active Fault Count - 1",0,"Unsigned16","R/W","Holding Register","0x4801",1,"N/A","Configuration","None","FaultDiagnostics","Immediate",,"Never"
43,251,1,3,"Product Diagnostics",1,"Fault Code","Fault code at the selected active-fault index.","None (0x0000); NVM Initialization (0x0101); NVM Erase (0x0102); NVM Data Program (0x0103); NVM Commit Program (0x0104); NVM Verify (0x0105); NVM Event ACK (0x0106); MCU Overtemperature (0x0201); Low Voltage (0x0202); Analog Input Reconfigure (0x0301); ADC Communication (0x0310); ADC Integrity (0x0311); ADC Reference (0x0312); ADC Conversion (0x0313); ADC Input Voltage (0x0314); ADC Internal (0x0315); ADC Stale/Offline (0x0316)","None (0x0000)","Enumeration16","R","Holding Register","0x4802",1,"N/A","Monitor","None","FaultDiagnostics","N/A",,"Never"
44,251,1,4,"Product Diagnostics",1,"Fault Detail","Latest service-specific detail value for the selected fault.","0..65535",0,"Unsigned16","R","Holding Register","0x4803",1,"N/A","Monitor","None","FaultDiagnostics","N/A",,"Never"
45,251,1,5,"Product Diagnostics",1,"Configuration Revision","Latest configuration revision associated with the selected fault.","0..65535",0,"Unsigned16","R","Holding Register","0x4804",1,"N/A","Monitor","None","FaultDiagnostics","N/A",,"Never"
46,251,1,6,"Product Diagnostics",1,"Event ID","Latest event identifier associated with the selected fault.","0..4294967295",0,"Unsigned32","R","Holding Register","0x4805",2,"High Word First","Monitor","None","FaultDiagnostics","N/A",,"Never"
47,251,1,7,"Product Diagnostics",1,"Occurrence Count","Number of times the selected fault has been raised since initialization or its last clear.","0..4294967295",0,"Unsigned32","R","Holding Register","0x4807",2,"High Word First","Monitor","None","FaultDiagnostics","N/A",,"Never"
48,251,1,8,"Product Diagnostics",1,"Clear Fault Code","Fault code to clear. Must be written together with Clear Key using FC10.","Defined Fault Code",,"Enumeration16","W","Holding Register","0x4809",1,"N/A","Command","None","FaultDiagnostics","Command",,"Never"
49,251,1,9,"Product Diagnostics",1,"Clear Key","Write 0xC1EA together with Clear Fault Code using FC10.","0xC1EA",,"Unsigned16","W","Holding Register","0x480A",1,"N/A","Command","None","FaultDiagnostics","Command",,"Never"
50,249,1,1,"Product Version",1,"Firmware Version","Firmware major version.","0..65535",1,"Unsigned16","R","Holding Register","0x2000",1,"N/A","Identification","None","ProductVersion","N/A",,"Never"
51,249,1,2,"Product Version",1,"Firmware Version Sub1","Firmware minor version.","0..65535",0,"Unsigned16","R","Holding Register","0x2001",1,"N/A","Identification","None","ProductVersion","N/A",,"Never"
52,249,1,3,"Product Version",1,"Firmware Version Sub2","Firmware patch version.","0..65535",0,"Unsigned16","R","Holding Register","0x2002",1,"N/A","Identification","None","ProductVersion","N/A",,"Never"
53,249,1,4,"Product Version",1,"Compatible Minimum Firmware Version","Minimum compatible firmware version.","0..65535",1,"Unsigned16","R","Holding Register","0x2003",1,"N/A","Identification","None","ProductVersion","N/A",,"Never"
54,249,1,5,"Product Version",1,"Compatible Maximum Firmware Version","Maximum compatible firmware version.","0..65535",1,"Unsigned16","R","Holding Register","0x2004",1,"N/A","Identification","None","ProductVersion","N/A",,"Never"
55,249,1,6,"Product Version",1,"Compatible Minimum Parameter Version","Minimum compatible parameter-data version.","0..65535",1,"Unsigned16","R","Holding Register","0x2005",1,"N/A","Identification","None","ProductVersion","N/A",,"Never"
56,249,1,7,"Product Version",1,"Compatible Maximum Parameter Version","Maximum compatible parameter-data version.","0..65535",1,"Unsigned16","R","Holding Register","0x2006",1,"N/A","Identification","None","ProductVersion","N/A",,"Never"
57,249,1,8,"Product Version",1,"Compatible Minimum Software Version","Minimum compatible external software version.","0..65535",1,"Unsigned16","R","Holding Register","0x2007",1,"N/A","Identification","None","ProductVersion","N/A",,"Never"
58,249,1,9,"Product Version",1,"Compatible Maximum Software Version","Maximum compatible external software version.","0..65535",1,"Unsigned16","R","Holding Register","0x2008",1,"N/A","Identification","None","ProductVersion","N/A",,"Never"
59,252,1,1,"Factory FRAM Test",1,"Command","Start or abort the destructive FRAM checkerboard bank test. Factory unlock keys are required to start.","1=Start; 2=Abort",,"Enumeration16","W","Holding Register","0x4710",1,"N/A","Command","None","FactoryFramTest.Session","Command",,"Never"
60,252,1,2,"Factory FRAM Test",1,"State","Current FRAM bank-test state.","0=Idle; 1=Write Pattern 1; 2=Verify Pattern 1; 3=Write Pattern 2; 4=Verify Pattern 2; 5=Passed; 6=Failed; 7=Aborted",0,"Enumeration16","R","Holding Register","0x4711",1,"N/A","Monitor","None","FactoryFramTest.Session","N/A",,"Never"
61,252,1,3,"Factory FRAM Test",1,"Error","First bank-test error.","0=None; 1=Factory Mode Locked; 2=NVM Busy; 3=Geometry; 4=Write; 5=Read; 6=Verify",0,"Enumeration16","R","Holding Register","0x4712",1,"N/A","Monitor","None","FactoryFramTest.Session","N/A",,"Never"
62,252,1,4,"Factory FRAM Test",1,"Current Bank","Current 64 KiB FRAM bank.","0..3",0,"Unsigned16","R","Holding Register","0x4713",1,"N/A","Monitor","None","FactoryFramTest.Session","N/A",,"Never"
63,252,1,5,"Factory FRAM Test",1,"Completed Bank Mask","Bits 0..3 indicate banks that passed both pattern phases.","0x0000..0x000F",0,"BitField16","R","Holding Register","0x4714",1,"N/A","Monitor","None","FactoryFramTest.Session","N/A",,"Never"
64,252,1,6,"Factory FRAM Test",1,"Failed Bank Mask","Bits 0..3 identify the bank containing the first failure.","0x0000..0x000F",0,"BitField16","R","Holding Register","0x4715",1,"N/A","Monitor","None","FactoryFramTest.Session","N/A",,"Never"
65,252,1,7,"Factory FRAM Test",1,"Progress","Test progress in 0.1 percent units.","0..1000 permille",0,"Unsigned16","R","Holding Register","0x4716",1,"N/A","Monitor","None","FactoryFramTest.Session","N/A",,"Never"
66,252,1,8,"Factory FRAM Test",1,"Current Address","Current FRAM byte address.","0x00000000..0x0003FFFF",0,"Unsigned32","R","Holding Register","0x4717",2,"High Word First","Monitor","None","FactoryFramTest.Session","N/A",,"Never"
67,252,1,9,"Factory FRAM Test",1,"Failure Address","First failing FRAM byte address.","0x00000000..0x0003FFFF",0,"Unsigned32","R","Holding Register","0x4719",2,"High Word First","Monitor","None","FactoryFramTest.Session","N/A",,"Never"
68,252,1,10,"Factory FRAM Test",1,"Expected Pattern","Expected 16-bit checkerboard value at the first failure.","0xA5A5 or 0x5A5A",0,"Unsigned16","R","Holding Register","0x471B",1,"N/A","Monitor","None","FactoryFramTest.Session","N/A",,"Never"
69,252,1,11,"Factory FRAM Test",1,"Actual Value","Actual 16-bit value read at the first failure.","0x0000..0xFFFF",0,"Unsigned16","R","Holding Register","0x471C",1,"N/A","Monitor","None","FactoryFramTest.Session","N/A",,"Never"
70,57,2,1,"Temperature Input",2,"Unfiltered Process Value","CH1 engineering value before filtering.","-99999.0 to 99999.0",,"IEEE Float32","R","Holding Register","0x1010",2,"High Word First","Monitor","None","TemperatureInput.CH2","N/A",,"Never"
71,57,2,2,"Temperature Input",2,"Input Error","CH1 current sensor input error.","Same as CH0","None (61)","Enumeration16","R","Holding Register","0x1012",1,"N/A","Monitor","None","TemperatureInput.CH2","N/A",,"Never"
72,57,2,3,"Temperature Input",2,"Filter Time Constant","CH1 filter time constant; reads Active and writes Pending.","0.0 to 60.0 s",0.5,"IEEE Float32","R/W","Holding Register","0x1013",2,"High Word First","Configuration","NVM","TemperatureInput.CH2","ApplyKey","temperature_input.2.filter_time_constant_seconds","OnApply"
73,57,2,4,"Temperature Input",2,"Filtered Process Value","CH1 engineering value after filtering.","-99999.0 to 99999.0",,"IEEE Float32","R","Holding Register","0x1015",2,"High Word First","Monitor","None","TemperatureInput.CH2","N/A",,"Never"
74,57,2,5,"Temperature Input",2,"Sensor Type","CH1 complete Sensor Type.","Same as CH0","K (48)","Enumeration16","R/W","Holding Register","0x1017",1,"N/A","Configuration","NVM","TemperatureInput.CH2","ApplyKey","temperature_input.2.sensor_type","OnApply"
75,57,2,6,"Temperature Input",2,"Reserved","Former TC Type register; reads zero and rejects writes.","0",0,"Unsigned16","R","Holding Register","0x1018",1,"N/A","Reserved","None","TemperatureInput.CH2","N/A",,"Never"
76,57,2,7,"Temperature Input",2,"Apply Key","Apply CH1 Pending values only.","0xA5A5",,"Unsigned16","W","Holding Register","0x1019",1,"N/A","Command","None","TemperatureInput.CH2","Command",,"Never"
77,57,3,1,"Temperature Input",3,"Unfiltered Process Value","CH2 engineering value before filtering.","-99999.0 to 99999.0",,"IEEE Float32","R","Holding Register","0x1020",2,"High Word First","Monitor","None","TemperatureInput.CH3","N/A",,"Never"
78,57,3,2,"Temperature Input",3,"Input Error","CH2 current sensor input error.","Same as CH0","None (61)","Enumeration16","R","Holding Register","0x1022",1,"N/A","Monitor","None","TemperatureInput.CH3","N/A",,"Never"
79,57,3,3,"Temperature Input",3,"Filter Time Constant","CH2 filter time constant; reads Active and writes Pending.","0.0 to 60.0 s",0.5,"IEEE Float32","R/W","Holding Register","0x1023",2,"High Word First","Configuration","NVM","TemperatureInput.CH3","ApplyKey","temperature_input.3.filter_time_constant_seconds","OnApply"
80,57,3,4,"Temperature Input",3,"Filtered Process Value","CH2 engineering value after filtering.","-99999.0 to 99999.0",,"IEEE Float32","R","Holding Register","0x1025",2,"High Word First","Monitor","None","TemperatureInput.CH3","N/A",,"Never"
81,57,3,5,"Temperature Input",3,"Sensor Type","CH2 complete Sensor Type.","Same as CH0","K (48)","Enumeration16","R/W","Holding Register","0x1027",1,"N/A","Configuration","NVM","TemperatureInput.CH3","ApplyKey","temperature_input.3.sensor_type","OnApply"
82,57,3,6,"Temperature Input",3,"Reserved","Former TC Type register; reads zero and rejects writes.","0",0,"Unsigned16","R","Holding Register","0x1028",1,"N/A","Reserved","None","TemperatureInput.CH3","N/A",,"Never"
83,57,3,7,"Temperature Input",3,"Apply Key","Apply CH2 Pending values only.","0xA5A5",,"Unsigned16","W","Holding Register","0x1029",1,"N/A","Command","None","TemperatureInput.CH3","Command",,"Never"
84,57,4,1,"Temperature Input",4,"Unfiltered Process Value","CH3 engineering value before filtering.","-99999.0 to 99999.0",,"IEEE Float32","R","Holding Register","0x1030",2,"High Word First","Monitor","None","TemperatureInput.CH4","N/A",,"Never"
85,57,4,2,"Temperature Input",4,"Input Error","CH3 current sensor input error.","Same as CH0","None (61)","Enumeration16","R","Holding Register","0x1032",1,"N/A","Monitor","None","TemperatureInput.CH4","N/A",,"Never"
86,57,4,3,"Temperature Input",4,"Filter Time Constant","CH3 filter time constant; reads Active and writes Pending.","0.0 to 60.0 s",0.5,"IEEE Float32","R/W","Holding Register","0x1033",2,"High Word First","Configuration","NVM","TemperatureInput.CH4","ApplyKey","temperature_input.4.filter_time_constant_seconds","OnApply"
87,57,4,4,"Temperature Input",4,"Filtered Process Value","CH3 engineering value after filtering.","-99999.0 to 99999.0",,"IEEE Float32","R","Holding Register","0x1035",2,"High Word First","Monitor","None","TemperatureInput.CH4","N/A",,"Never"
88,57,4,5,"Temperature Input",4,"Sensor Type","CH3 complete Sensor Type.","Same as CH0","K (48)","Enumeration16","R/W","Holding Register","0x1037",1,"N/A","Configuration","NVM","TemperatureInput.CH4","ApplyKey","temperature_input.4.sensor_type","OnApply"
89,57,4,6,"Temperature Input",4,"Reserved","Former TC Type register; reads zero and rejects writes.","0",0,"Unsigned16","R","Holding Register","0x1038",1,"N/A","Reserved","None","TemperatureInput.CH4","N/A",,"Never"
90,57,4,7,"Temperature Input",4,"Apply Key","Apply CH3 Pending values only.","0xA5A5",,"Unsigned16","W","Holding Register","0x1039",1,"N/A","Command","None","TemperatureInput.CH4","Command",,"Never"
91,59,1,1,"PWM Output",1,"Period","PWM0 period; reads Active and writes Pending.","10..10000 ms",1000,"Unsigned16","R/W","Holding Register","0x1300",1,"N/A","Configuration","NVM","PwmOutput.CH0","ApplyKey","pwm.0.period_ms","OnApply"
92,59,1,2,"PWM Output",1,"Duty","PWM0 duty; reads Active and writes Pending.","0..1000 permille",0,"Unsigned16","R/W","Holding Register","0x1301",1,"N/A","Configuration","None","PwmOutput.CH0","ApplyKey",,"Never"
93,59,1,3,"PWM Output",1,"Period Update Mode","PWM0 period update timing.","0=Immediate; 1=Next cycle",1,"Enumeration16","R/W","Holding Register","0x1302",1,"N/A","Configuration","NVM","PwmOutput.CH0","ApplyKey","pwm.0.period_update_mode","OnApply"
94,59,2,1,"PWM Output",2,"Period","PWM1 period; reads Active and writes Pending.","10..10000 ms",1000,"Unsigned16","R/W","Holding Register","0x1303",1,"N/A","Configuration","NVM","PwmOutput.CH1","ApplyKey","pwm.1.period_ms","OnApply"
95,59,2,2,"PWM Output",2,"Duty","PWM1 duty; reads Active and writes Pending.","0..1000 permille",0,"Unsigned16","R/W","Holding Register","0x1304",1,"N/A","Configuration","None","PwmOutput.CH1","ApplyKey",,"Never"
96,59,2,3,"PWM Output",2,"Period Update Mode","PWM1 period update timing.","0=Immediate; 1=Next cycle",1,"Enumeration16","R/W","Holding Register","0x1305",1,"N/A","Configuration","NVM","PwmOutput.CH1","ApplyKey","pwm.1.period_update_mode","OnApply"
97,59,3,1,"PWM Output",3,"Period","PWM2 period; reads Active and writes Pending.","10..10000 ms",1000,"Unsigned16","R/W","Holding Register","0x1306",1,"N/A","Configuration","NVM","PwmOutput.CH2","ApplyKey","pwm.2.period_ms","OnApply"
98,59,3,2,"PWM Output",3,"Duty","PWM2 duty; reads Active and writes Pending.","0..1000 permille",0,"Unsigned16","R/W","Holding Register","0x1307",1,"N/A","Configuration","None","PwmOutput.CH2","ApplyKey",,"Never"
99,59,3,3,"PWM Output",3,"Period Update Mode","PWM2 period update timing.","0=Immediate; 1=Next cycle",1,"Enumeration16","R/W","Holding Register","0x1308",1,"N/A","Configuration","NVM","PwmOutput.CH2","ApplyKey","pwm.2.period_update_mode","OnApply"
100,59,4,1,"PWM Output",4,"Period","PWM3 period; reads Active and writes Pending.","10..10000 ms",1000,"Unsigned16","R/W","Holding Register","0x1309",1,"N/A","Configuration","NVM","PwmOutput.CH3","ApplyKey","pwm.3.period_ms","OnApply"
101,59,4,2,"PWM Output",4,"Duty","PWM3 duty; reads Active and writes Pending.","0..1000 permille",0,"Unsigned16","R/W","Holding Register","0x130A",1,"N/A","Configuration","None","PwmOutput.CH3","ApplyKey",,"Never"
102,59,4,3,"PWM Output",4,"Period Update Mode","PWM3 period update timing.","0=Immediate; 1=Next cycle",1,"Enumeration16","R/W","Holding Register","0x130B",1,"N/A","Configuration","NVM","PwmOutput.CH3","ApplyKey","pwm.3.period_update_mode","OnApply"
103,59,0,4,"PWM Output",0,"Apply Key","Write 0xA5A5 to atomically apply all staged PWM channels.","0xA5A5",,"Unsigned16","W","Holding Register","0x130C",1,"N/A","Command","None","PwmOutput","Command",,"Never"
104,59,0,5,"PWM Output",0,"Revision","Increments after each successful effective PWM Apply.","0..65535",0,"Unsigned16","R","Holding Register","0x130D",1,"N/A","Monitor","None","PwmOutput","N/A",,"Never"
105,59,0,6,"PWM Output",0,"Pending Channel Mask","Bits 0..3 identify PWM channels with staged values.","0x0000..0x000F",0,"BitField16","R","Holding Register","0x130E",1,"N/A","Monitor","None","PwmOutput","N/A",,"Never"
106,58,1,1,"Analog Output",1,"DAC Code","CH0 DAC8562 raw output code; reads Active and writes Pending.","0x0000..0xFFFF",0,"Unsigned16","R/W","Holding Register","0x1400",1,"N/A","Configuration","None","AnalogOutput","ApplyKey",,"Never"
107,58,2,1,"Analog Output",2,"DAC Code","CH1 DAC8562 raw output code; reads Active and writes Pending.","0x0000..0xFFFF",0,"Unsigned16","R/W","Holding Register","0x1401",1,"N/A","Configuration","None","AnalogOutput","ApplyKey",,"Never"
108,58,3,1,"Analog Output",3,"DAC Code","CH2 DAC8562 raw output code; reads Active and writes Pending.","0x0000..0xFFFF",0,"Unsigned16","R/W","Holding Register","0x1402",1,"N/A","Configuration","None","AnalogOutput","ApplyKey",,"Never"
109,58,4,1,"Analog Output",4,"DAC Code","CH3 DAC8562 raw output code; reads Active and writes Pending.","0x0000..0xFFFF",0,"Unsigned16","R/W","Holding Register","0x1403",1,"N/A","Configuration","None","AnalogOutput","ApplyKey",,"Never"
110,58,0,2,"Analog Output",0,"Apply Key","Write 0xA5A5 to apply all staged DAC channel codes.","0xA5A5",,"Unsigned16","W","Holding Register","0x1404",1,"N/A","Command","None","AnalogOutput","Command",,"Never"
111,58,0,3,"Analog Output",0,"Revision","Increments after each successful effective DAC Apply.","0..65535",0,"Unsigned16","R","Holding Register","0x1405",1,"N/A","Monitor","None","AnalogOutput","N/A",,"Never"
112,58,0,4,"Analog Output",0,"Pending Channel Mask","Bits 0..3 identify DAC channels with staged codes.","0x0000..0x000F",0,"BitField16","R","Holding Register","0x1406",1,"N/A","Monitor","None","AnalogOutput","N/A",,"Never"
113,58,0,5,"Analog Output",0,"Status","Last DAC Apply result.","0=Ready; 1=Apply failed; 2=Rollback failed",0,"Enumeration16","R","Holding Register","0x1407",1,"N/A","Monitor","None","AnalogOutput","N/A",,"Never"
114,58,0,6,"Analog Output",0,"Failed Channel","Channel associated with the last DAC Apply failure.","0..3; 0xFFFF=None","0xFFFF","Unsigned16","R","Holding Register","0x1408",1,"N/A","Monitor","None","AnalogOutput","N/A",,"Never"
115,62,1,1,"Digital Input",1,"State Mask","Logical DI states; bits 0..3 = DI0..DI3.","0x0000..0x000F",0,"BitField16","R","Holding Register","0x1500",1,"N/A","Monitor","None","DigitalInput","N/A",,"Never"
116,62,1,2,"Digital Input",1,"Revision","Increments whenever at least one logical input changes.","0..65535",0,"Unsigned16","R","Holding Register","0x1501",1,"N/A","Monitor","None","DigitalInput","N/A",,"Never"
117,63,1,1,"Digital Output",1,"State Mask","DO states; bits 0..3 = DO0..DO3. Reads Active and writes the complete Pending mask.","0x0000..0x000F",0,"BitField16","R/W","Holding Register","0x1510",1,"N/A","Configuration","None","DigitalOutput","ApplyKey",,"Never"
118,63,1,2,"Digital Output",1,"Apply Key","Write 0xA5A5 to apply the staged DO mask.","0xA5A5",,"Unsigned16","W","Holding Register","0x1511",1,"N/A","Command","None","DigitalOutput","Command",,"Never"
119,63,1,3,"Digital Output",1,"Revision","Increments after each successful effective DO Apply.","0..65535",0,"Unsigned16","R","Holding Register","0x1512",1,"N/A","Monitor","None","DigitalOutput","N/A",,"Never"
120,63,1,4,"Digital Output",1,"Pending Channel Mask","Reads 0x000F while a complete DO mask is staged; otherwise zero.","0x0000 or 0x000F",0,"BitField16","R","Holding Register","0x1513",1,"N/A","Monitor","None","DigitalOutput","N/A",,"Never"
121,63,1,5,"Digital Output",1,"Status","Last DO Apply result.","0=Ready; 1=Apply failed; 2=Rollback failed",0,"Enumeration16","R","Holding Register","0x1514",1,"N/A","Monitor","None","DigitalOutput","N/A",,"Never"
122,63,1,6,"Digital Output",1,"Failed Channel","Channel associated with the last DO Apply failure.","0..3; 0xFFFF=None","0xFFFF","Unsigned16","R","Holding Register","0x1515",1,"N/A","Monitor","None","DigitalOutput","N/A",,"Never"
123,64,1,1,"DIP Switch",1,"Logical Mask","U5 logical ON mask; bits 0..7 = switches 1..8.","0x0000..0x00FF",0,"BitField16","R","Holding Register","0x1520",1,"N/A","Monitor","None","DipSwitch.U5","N/A",,"Never"
124,64,1,2,"DIP Switch",1,"Raw Value","Raw byte received from FLEXCOMM8 SPI.","0x0000..0x00FF","0x00FF","Unsigned16","R","Holding Register","0x1521",1,"N/A","Monitor","None","DipSwitch.U5","N/A",,"Never"
125,64,1,3,"DIP Switch",1,"Revision","Increments on first valid sample and each logical value change.","0..65535",0,"Unsigned16","R","Holding Register","0x1522",1,"N/A","Monitor","None","DipSwitch.U5","N/A",,"Never"
126,64,1,4,"DIP Switch",1,"Status","Latest U5 read status.","0=Ready; 1=SPI I/O error; 2=Not initialized",2,"Enumeration16","R","Holding Register","0x1523",1,"N/A","Monitor","None","DipSwitch.U5","N/A",,"Never"
127,65,1,1,"Low Voltage",1,"Raw Active","Raw PIO1_31 detector state after polarity mapping.","0=Normal; 1=Low voltage",0,"Boolean16","R","Holding Register","0x1530",1,"N/A","Monitor","None","LowVoltageDetector","N/A",,"Never"
128,65,1,2,"Low Voltage",1,"Confirmed Active","Debounced low-voltage state.","0=Normal; 1=Low voltage",0,"Boolean16","R","Holding Register","0x1531",1,"N/A","Monitor","None","LowVoltageDetector","N/A",,"Never"
129,65,1,3,"Low Voltage",1,"Fault Active","Latched low-voltage fault state.","0=Clear; 1=Active",0,"Boolean16","R","Holding Register","0x1532",1,"N/A","Monitor","None","LowVoltageDetector","N/A",,"Never"
130,65,1,4,"Low Voltage",1,"Revision","Increments when the debounced state changes.","0..65535",0,"Unsigned16","R","Holding Register","0x1533",1,"N/A","Monitor","None","LowVoltageDetector","N/A",,"Never"
131,65,1,5,"Low Voltage",1,"Interrupt Count","PINT0 rising-edge count.","0..4294967295",0,"Unsigned32","R","Holding Register","0x1534",2,"High Word First","Monitor","None","LowVoltageDetector","N/A",,"Never"
132,65,1,6,"Low Voltage",1,"Status","Low-voltage monitor status.","0=Ready; 2=Not initialized",2,"Enumeration16","R","Holding Register","0x1536",1,"N/A","Monitor","None","LowVoltageDetector","N/A",,"Never"
133,66,1,1,"Rotary Switch",1,"Position","SW2 logical 1/2/4/8 coded position after polarity mapping.","0..15",0,"Unsigned16","R","Holding Register","0x1540",1,"N/A","Monitor","None","RotarySwitch.SW2","N/A",,"Never"
134,66,1,2,"Rotary Switch",1,"Raw Value","Raw SW2 GPIO nibble; bits 0..3 are the 1/2/4/8 inputs.","0x0000..0x000F","0x000F","BitField16","R","Holding Register","0x1541",1,"N/A","Monitor","None","RotarySwitch.SW2","N/A",,"Never"
135,66,1,3,"Rotary Switch",1,"Revision","Increments on the first sample and each logical position change.","0..65535",0,"Unsigned16","R","Holding Register","0x1542",1,"N/A","Monitor","None","RotarySwitch.SW2","N/A",,"Never"
136,66,1,4,"Rotary Switch",1,"Status","SW2 rotary-switch monitor status.","0=Ready; 2=Not initialized",2,"Enumeration16","R","Holding Register","0x1543",1,"N/A","Monitor","None","RotarySwitch.SW2","N/A",,"Never"
137,251,2,1,"AD7124 Diagnostics",0,"ADC0 Diagnostic Block","Read-only ADC0 snapshot. Offsets: +00 initialized; +01 device ID; +02 STATUS; +03 active fault categories; +04 last fault categories; +05 last driver status; +07 initial ERROR; +09 first ERROR; +11 last ERROR; +13 latched ERROR OR; +15 initialization attempts; +17 successful samples; +19 discarded samples; +21 not-ready polls; +23 ERROR reads; +25 ERROR read failures; +27 CRC errors; +29 transport errors; +31 device errors; +33 communication faults; +35 integrity faults; +37 reference faults; +39 conversion faults; +41 input-voltage faults; +43 internal faults; +45 unexpected POR faults; +47 latest raw code; +49 latest ADC channel; +50 streaks (high byte transaction errors, low byte clean samples); +51 latest signed microvolts. All 32-bit values use two registers.","See description",0,"DiagnosticBlock","R","Holding Register","0x4820",53,"High Word First","Monitor","None","AD7124Diagnostics.ADC0","N/A",,"Never"
138,251,2,2,"AD7124 Diagnostics",1,"ADC1 Diagnostic Block","Same 53-register layout as ADC0 Diagnostic Block.","See ADC0 block",0,"DiagnosticBlock","R","Holding Register","0x4860",53,"High Word First","Monitor","None","AD7124Diagnostics.ADC1","N/A",,"Never"
139,251,2,3,"AD7124 Diagnostics",2,"ADC2 Diagnostic Block","Same 53-register layout as ADC0 Diagnostic Block.","See ADC0 block",0,"DiagnosticBlock","R","Holding Register","0x48A0",53,"High Word First","Monitor","None","AD7124Diagnostics.ADC2","N/A",,"Never"
140,251,2,4,"AD7124 Diagnostics",3,"ADC3 Diagnostic Block","Same 53-register layout as ADC0 Diagnostic Block.","See ADC0 block",0,"DiagnosticBlock","R","Holding Register","0x48E0",53,"High Word First","Monitor","None","AD7124Diagnostics.ADC3","N/A",,"Never"
